{
  "project_info": {
    "project_number": "633453466644",
    "project_id": "medysync-c37ab",
    "storage_bucket": "medysync-c37ab.firebasestorage.app"
  },
  "client": [
    {
      "client_info": {
        "mobilesdk_app_id": "1:633453466644:android:0fb77c88ec4c82f36ec301",
        "android_client_info": {
          "package_name": "com.example.medysync"
        }
      },
      "oauth_client": [],
      "api_key": [
        {
          "current_key": "AIzaSyCTxMSnhQ8_H7eP8AGoT_JoKNAxJXc7x7Y"
        }
      ],
      "services": {
        "appinvite_service": {
          "other_platform_oauth_client": []
        }
      }
    }
  ],
  "configuration_version": "1"
}